"번호","개방서비스명","개방서비스아이디","개방자치단체코드","관리번호","인허가일자","인허가취소일자","영업상태구분코드","영업상태명","상세영업상태코드","상세영업상태명","폐업일자","휴업시작일자","휴업종료일자","재개업일자","소재지전화","소재지면적","소재지우편번호","소재지전체주소","도로명전체주소","도로명우편번호","사업장명","최종수정시점","데이터갱신구분","데이터갱신일자","업태구분명","좌표정보x(epsg5174)","좌표정보y(epsg5174)","업무구분명","상세업무구분명","권리주체일련번호","총직원수",
"1","동물장묘업","02_03_05_P","4400000","440000003820120001","2012-12-13","","01","영업/정상","0000","정상","","","","","043-642-1537","0","","충청북도 제천시 봉양읍 장평리 37-1번지","충청북도 제천시 봉양읍 장평로 95","","굿바이펫","2019-12-10 15:49:52","U","2019-12-12 02:40:00","","","","동물장묘업","","000","",
"2","동물장묘업","02_03_05_P","4430000","443000003820190001","2019-01-23","","01","영업/정상","0000","정상","","","","","","0","","충청북도 옥천군 이원면 평계리 992-2번지 음식점","충청북도 옥천군 이원면 이원로 47, 음식점","29064","FM펫 스카이랜드","2019-01-23 18:09:32","I","2019-01-25 02:21:00","","256461.768510781","298218.433673269","","","","",
"3","동물장묘업","02_03_05_P","5350000","535000003820190001","2019-02-21","","01","영업/정상","0000","정상","","","","","","0","","경상남도 김해시 생림면 나전리 1065-8","경상남도 김해시 생림면 나전로137번길 31","50802","별이되다","2024-07-08 14:08:34","U","2024-07-10 02:40:00","","370325.083692816","201459.488007485","동물장묘업","","000","0",
"4","동물장묘업","02_03_05_P","3990000","399000003820230001","2023-09-13","","01","영업/정상","0000","정상","","","","","1688-1240","0","","경기도 남양주시 화도읍 차산리 856-1","경기도 남양주시 화도읍 수레로964번길 86","12199","21그램 반려동물 장례식장 남양주점","2025-07-25 16:20:32","U","2025-07-27 02:40:00","","225555.794620331","458218.250832737","동물장묘업","","L00","0",
"5","동물장묘업","02_03_05_P","4170000","417000003820230001","2023-09-07","","01","영업/정상","0000","정상","","","","","1855-2004","0","","경기도 양평군 양동면 삼산리 18","경기도 양평군 양동면 양동금곡4길 10","12540","ROYHILLS","2023-09-07 13:29:31","I","2023-09-09 00:18:10","","269260.252229957","435013.925296018","동물장묘업","","L00","0",
"6","동물장묘업","02_03_05_P","3470000","347000003820140001","2014-03-26","","01","영업/정상","0000","정상","","","","","053-593-4900","0","","대구광역시 달서구 장동 50번지","대구광역시 달서구 문화회관9길 71 (장동)","42699","(주)동물사랑 대구러브펫","2017-05-29 20:46:00","I","2018-08-31 23:59:59","","337301.023311721","260863.131625332","동물장묘업","","000","",
"7","동물장묘업","02_03_05_P","4610000","461000003820130001","2013-10-28","","01","영업/정상","0000","정상","","","","","041-332-8787","0","","충청남도 예산군 대술면 화산리 464-1번지","","","예산 위드엔젤","2017-05-24 09:09:29","I","2018-08-31 23:59:59","","192522.900602974","355233.070055972","동물장묘업","","000","",
"8","동물장묘업","02_03_05_P","4490000","565000003820140001","2014-06-23","","01","영업/정상","0000","정상","","","","","","0","","충청남도 천안시 동남구 구룡동 481","충청남도 천안시 동남구 광풍로 1668 (구룡동)","31212","21그램 반려동물 장례식장 천안아산점","2025-03-25 11:04:15","U","2025-03-27 02:40:00","","212757.673779018","362903.799353633","동물장묘업","","L00","0",
"9","동물장묘업","02_03_05_P","4500000","450000003820140001","2014-09-24","","01","영업/정상","0000","정상","","","","","","0","","","충청남도 공주시 우성면 보흥2길 36-61","32533","(주)좋은친구들","2017-11-27 17:14:25","I","2018-08-31 23:59:59","","202666.113556138","327273.785932982","동물장묘업","","L00","",
"10","동물장묘업","02_03_05_P","3730000","373000003820190001","2019-03-12","","01","영업/정상","0000","정상","","","","","","0","","울산광역시 울주군 삼동면 조일리 906-4","울산광역시 울주군 삼동면 삼동로 140","44956","이별공간","2024-03-22 15:46:13","U","2024-03-24 02:40:00","","391006.556306155","224127.828384036","동물장묘업","","000","0",
"11","동물장묘업","02_03_05_P","4050000","405000003820190001","2019-04-15","","01","영업/정상","0000","정상","","","","","","0","","경기도 용인시 처인구 남사읍 방아리 883-3","경기도 용인시 처인구 남사읍 원암로 535","17123","리멤버반려동물장례식장","2021-06-14 10:36:40","U","2021-06-16 02:40:00","","215230.979562112","400637.223872634","동물장묘업","","000","",
"12","동물장묘업","02_03_05_P","5350000","535000003820190002","2019-04-10","","01","영업/정상","0000","정상","","","","","","0","","경상남도 김해시 상동면 우계리 112-1번지","경상남도 김해시 상동면 묵방로109번길 3","50805","펫로스 케어","2019-04-10 12:56:33","I","2019-04-12 02:20:19","","373804.660124585","201651.448940064","동물장묘업","","000","",
"13","동물장묘업","02_03_05_P","4070000","407000003820170001","2017-02-16","","01","영업/정상","0000","정상","","","","","031-635-2266","0","","경기도 이천시 마장면 장암리 525-1번지","경기도 이천시 마장면 이장로 329-2","17383","주식회사 아리아펫","2017-03-02 18:17:48","I","2018-08-31 23:59:59","","234562.792371488","419797.301835013","동물장묘업","","L00","",
"14","동물장묘업","02_03_05_P","5590000","559000003820170001","2017-11-08","","01","영업/정상","0000","정상","","","","","031-878-7779","0","","경기도 양주시 광적면 비암리 583-4","경기도 양주시 광적면 부흥로 145","11424","포포즈 반려동물장례식장 양주점","2024-06-04 10:39:50","U","2024-06-06 02:40:00","","193022.853667921","478521.552683613","동물장묘업","","L00","0",
"15","동물장묘업","02_03_05_P","5400000","540000003820190001","2019-07-26","","01","영업/정상","0000","정상","","","","","055-582-0042","0","","경상남도 함안군 법수면 대송리 10-7번지","경상남도 함안군 법수면 이묵골로 135-3","52056","한별 리멤버파크","2019-07-26 11:46:46","I","2019-07-28 02:21:48","","323188.560032437","204898.191601719","동물장묘업","","L00","",
"16","동물장묘업","02_03_05_P","5380000","538000003820190001","2019-07-19","","01","영업/정상","0000","정상","","","","","055-374-4400","0","","경상남도 양산시 상북면 상삼리 산 17-3","경상남도 양산시 상북면 공원로3길 19-91","50579","(주)펫노블레스","2024-08-20 09:27:31","U","2024-08-22 02:40:00","","385268.308195544","215510.758926401","동물장묘업","","L00","0",
"17","동물장묘업","02_03_05_P","4191000","419000003820220001","2022-10-12","","01","영업/정상","0000","정상","","","","","033-745-4211","0","","강원특별자치도 원주시 소초면 평장리 1048-1","강원특별자치도 원주시 소초면 현촌길 90-3, 나동","26305","주식회사 패투헤븐","2022-10-19 09:32:07","I","2023-06-13 00:00:00","","288102.588981184","436424.270889243","동물장묘업","","L00","0",
"18","동물장묘업","02_03_05_P","4201000","420000003820180001","2018-12-20","","01","영업/정상","0000","정상","","","","","645-8888","0","","강원특별자치도 강릉시 사천면 석교리 779","강원특별자치도 강릉시 사천면 구라미길 376","25434","강릉펫사랑(장례식장)","2020-04-29 15:37:14","I","2023-06-13 00:00:00","","359478.046069981","482626.765559951","동물장묘업","","000","0",
"19","동물장묘업","02_03_05_P","3720000","372000003820240001","2024-08-28","","01","영업/정상","0000","정상","","","","","","0","","울산광역시 북구 진장동 859","","","(주)젠틀펫","2025-06-04 10:55:49","U","2025-06-06 02:40:00","","414256.594105436","231370.304550869","동물장묘업","","L00","0",
"20","동물장묘업","02_03_05_P","3990000","399000003820240001","2024-08-22","","01","영업/정상","0000","정상","","","","","","0","","경기도 남양주시 와부읍 월문리 114-1","경기도 남양주시 와부읍 수레로 699, 지하1층","12202","펫포레스트 반려동물장례식장 남양주점","2025-05-29 11:42:49","U","2025-05-31 02:40:00","","224338.315248368","457517.663786772","동물장묘업","","L00","0",
"21","동물장묘업","02_03_05_P","5141000","514100003820240001","2024-09-04","","01","영업/정상","0000","정상","","","","","","0","","대구광역시 군위군 부계면 창평리 812","대구광역시 군위군 부계면 부흥로 118","43162","리틀포즈 반려동물 장례식장","2024-09-04 15:19:06","I","2024-09-06 00:13:31","","350526.067920919","290822.57897771","동물장묘업","","L00","0",
"22","동물장묘업","02_03_05_P","5190000","519000003820150001","2015-02-02","","01","영업/정상","0000","정상","","","","","","0","","경상북도 청도군 화양읍 송금리 83","경상북도 청도군 화양읍 남성현로 852","38323","하얀민들레","2023-05-08 10:31:57","U","2023-05-10 02:40:00","","356111.798183457","247824.307052941","동물장묘업","","000","0",
"23","동물장묘업","02_03_05_P","4671000","467100003820210001","2021-11-25","","01","영업/정상","0000","정상","","","","","","0","","전북특별자치도 군산시 경암동 570-39","전북특별자치도 군산시 서래안1길 11, 2층 (경암동)","54031","서래안 펫타운","2022-01-11 10:55:45","I","2024-01-19 01:16:45","","175138.614165966","275762.727569836","동물장묘업","","000","0",
"24","동물장묘업","02_03_05_P","5600000","560000003820190001","2021-07-13","","01","영업/정상","0000","정상","","","","","","0","","경기도 포천시 내촌면 진목리 225","경기도 포천시 내촌면 진금로 34","11190","스타펫","2021-11-29 10:17:39","U","2021-12-01 02:40:00","","218645.692003776","479249.975347841","동물장묘업","","000","0",
"25","동물장묘업","02_03_05_P","3990000","399000003820190001","2019-10-29","","01","영업/정상","0000","정상","","","","","1811-1336","0","","경기도 남양주시 화도읍 구암리 305","경기도 남양주시 화도읍 모꼬지로17번길 136","12192","몽몽이엠파크","2024-06-27 14:15:10","U","2024-06-29 02:40:00","","232088.016361844","464372.402844039","동물장묘업","","L00","0",
"26","동물장묘업","02_03_05_P","5130000","513000003820190001","2019-12-23","","01","영업/정상","0000","정상","","","","","1522-6979","0","","경상북도 경산시 와촌면 신한리 산 54-8","경상북도 경산시 와촌면 불굴사길 82","38405","아이들랜드","2022-02-14 16:17:50","U","2022-02-16 02:40:00","","361056.305199719","273993.033940784","동물장묘업","","L00","0",
"27","동물장묘업","02_03_05_P","3640000","364000003820240001","2024-08-09","","01","영업/정상","0000","정상","","","","","","0","","대전광역시 동구 이사동 290-2","대전광역시 동구 모암로 128-6 (이사동)","34710","(주)반려동물 장례지원단","2025-08-28 17:37:02","U","2025-08-30 02:40:00","","239893.117173747","310488.828499818","동물장묘업","","L00","0",
"28","동물장묘업","02_03_05_P","5130000","513000003820240001","2024-07-31","","01","영업/정상","0000","정상","","","","","","0","","경상북도 경산시 점촌동 60-1","경상북도 경산시 한의대로 124 (점촌동)","38577","(주)젠틀펫","2025-03-17 16:13:46","U","2025-03-19 02:40:00","","360566.836664462","257900.999134727","동물장묘업","","L00","0",
"29","동물장묘업","02_03_05_P","3400000","340000003820140001","2014-10-02","","01","영업/정상","0000","정상","","","","","051-723-2201","0","","부산광역시 기장군 장안읍 좌동리 49-1번지","부산광역시 기장군 장안읍 기장대로 1561-68","46029","파트라슈","2019-06-04 13:43:38","U","2019-06-06 02:40:00","","403916.835883097","205680.059610858","동물장묘업","","000","",
"30","동물장묘업","02_03_05_P","3560000","356000003820200001","2020-02-14","","01","영업/정상","0000","정상","","","","","","0","","인천광역시 서구 오류동 434-119 (주)어게인","인천광역시 서구 원당대로262번길 40, (주)어게인 (오류동)","22669","어게인","2025-07-18 10:29:21","U","2025-07-20 02:40:00","","167029.775039625","453780.208427221","동물장묘업","","L00","0",
"31","동물장묘업","02_03_05_P","4050000","405000003820200001","2020-01-14","","01","영업/정상","0000","정상","","","","","","0","","경기도 용인시 처인구 백암면 백암리 220번지","경기도 용인시 처인구 백암면 죽양대로 1206","17172","씨엘로펫","2020-01-14 15:37:41","I","2020-01-16 00:23:36","","233228.071049718","407640.626762572","동물장묘업","","000","",
"32","동물장묘업","02_03_05_P","4701000","470100003820140001","2014-09-24","","01","영업/정상","0000","정상","","","","","","0","","전북특별자치도 남원시 보절면 신파리 403","전북특별자치도 남원시 보절면 파동신동길 161-29","55706","펫바라기","2022-12-22 15:30:08","I","2024-01-19 01:16:45","","237732.639601489","224580.586018076","동물장묘업","","000","0",
"33","동물장묘업","02_03_05_P","5690000","569000003820210001","2021-12-20","","01","영업/정상","0000","정상","","","","","1533-4426","0","","세종특별자치시 장군면 금암리 88-1","세종특별자치시 장군면 정동길 76","30056","펫포유(PET FOR YOU)","2022-10-14 17:39:05","U","2022-10-16 02:40:00","","","","동물장묘업","","000","0",
"34","동물장묘업","02_03_05_P","5670000","567000003820230001","2023-05-26","","01","영업/정상","0000","정상","","","","","","0","","경상남도 창원시 진해구 용원동 11 주식회사어울림","경상남도 창원시 진해구 진해대로 2507, 주식회사어울림 (용원동)","51603","한별 반려동물 장례식장","2023-11-23 17:11:46","U","2023-11-25 02:40:00","","366916.792251086","179710.96653466","동물장묘업","","L00","0",
"35","동물장묘업","02_03_05_P","5210000","521000003820200001","2020-06-02","","01","영업/정상","0000","정상","","","","","","0","","경상북도 성주군 선남면 오도리 91","경상북도 성주군 선남면 관용로 427","40042","강아지 펫 헤븐","2022-01-11 17:18:38","U","2022-01-13 02:40:00","","323073.158259568","270523.135916258","동물장묘업","","000","0",
"36","동물장묘업","02_03_05_P","5220000","522000003820200001","2020-06-03","","01","영업/정상","0000","정상","","","","","0549742220","0","","경상북도 칠곡군 가산면 다부리 651번지","경상북도 칠곡군 가산면 다부거문1길 51-68","39851","스윗드림 펫","2020-06-03 09:46:09","I","2020-06-05 00:23:19","","337206.55599931","282829.842007933","동물장묘업","","L00","",
"37","동물장묘업","02_03_05_P","4060000","406000003820230001","2023-03-30","","01","영업/정상","0000","정상","","","","","","0","","경기도 파주시 광탄면 분수리 458","경기도 파주시 광탄면 수레길 302","10954","주식회사 페어웰","2024-03-04 09:50:28","U","2024-03-06 02:40:00","","186462.219615971","473689.565239111","동물장묘업","","000","0",
"38","동물장묘업","02_03_05_P","5540000","554000003820230001","2023-03-21","","01","영업/정상","0000","정상","","","","","","0","","경기도 광주시 초월읍 선동리 386-5","경기도 광주시 초월읍 선장동길 31-3","12732","하늘강아지 반려동물 장례식장","2024-08-21 11:52:54","U","2024-08-23 02:40:00","","228116.685144668","431914.776700986","동물장묘업","","L00","0",
"39","동물장묘업","02_03_05_P","5060000","506000003820230001","2023-03-28","","01","영업/정상","0000","정상","","","","","","0","","경상북도 김천시 봉산면 신암리 396","경상북도 김천시 봉산면 영남대로 353","39561","경북반려동물장례식장","2024-08-16 10:03:47","U","2024-08-18 02:40:00","","291282.952575191","297988.404703894","동물장묘업","","000","0",
"40","동물장묘업","02_03_05_P","3930000","393000003820240001","2024-03-08","","01","영업/정상","0000","정상","","","","","1833-5158","0","","경기도 안산시 상록구 양상동 42-12","경기도 안산시 상록구 서당길 10 (양상동)","15208","펫콤 안산점","2024-08-30 15:34:36","U","2024-09-01 02:40:00","","186341.408403056","428102.614803895","동물장묘업","","L00","0",
"41","동물장묘업","02_03_05_P","3630000","363000003820160001","2016-05-10","","01","영업/정상","0000","정상","","","","","062-946-2626","0","","광주광역시 광산구 지죽동 409-14번지","광주광역시 광산구 평동매화길 34 (지죽동)","62413","(주) 하늘펫","2018-12-04 09:34:29","U","2018-12-06 02:40:00","","178024.850068869","182429.217366042","동물장묘업","","L00","",
"42","동물장묘업","02_03_05_P","5380000","538000003820160001","2016-03-29","","01","영업/정상","0000","정상","","","","","055-374-6503","0","","경상남도 양산시 상북면 외석리 462-2","경상남도 양산시 상북면 오룡길 152","50582","메리온","2021-01-20 18:37:46","U","2021-01-22 02:40:00","","385202.677589951","218986.871924112","동물장묘업","","000","",
"43","동물장묘업","02_03_05_P","5350000","535000003820180001","2018-06-14","","01","영업/정상","0000","정상","","","","","1577-5474","0","","경상남도 김해시 생림면 봉림리 872-1","경상남도 김해시 생림면 생림대로928번길 10-5","50800","주식회사 아이헤븐","2024-02-22 16:56:59","U","2024-02-24 02:40:00","","367952.46809035","206148.962091338","동물장묘업","","L00","0",
"44","동물장묘업","02_03_05_P","4540000","454000003820180001","2018-08-28","","01","영업/정상","0000","정상","","","","","735-1700","0","","충청남도 논산시 연산면 청동리 16번지","충청남도 논산시 연산면 계백로 2172-13","32911","리멤버파크","2018-08-28 09:27:50","I","2018-08-31 23:59:59","","219146.014355361","301064.542051453","","","","",
"45","동물장묘업","02_03_05_P","4440000","444000003820200001","2020-07-15","","01","영업/정상","0000","정상","","","","","1544-9262","0","","충청북도 영동군 추풍령면 작점리 148","충청북도 영동군 추풍령면 작동1길 81","29120","스마일 어게인","2021-01-19 09:04:50","U","2021-01-21 02:40:00","","293721.40784206","300852.254530171","동물장묘업","","000","",
"46","동물장묘업","02_03_05_P","4761000","476100003820210001","2021-07-20","","01","영업/정상","0000","정상","","","","","063-643-0486","0","","전북특별자치도 임실군 오수면 금암리 864-1 오수펫추모공원","전북특별자치도 임실군 오수면 춘향로 1554-95, 오수펫추모공원","55955","오수 펫 추모공원","2022-07-14 16:11:44","I","2024-01-19 01:16:45","","231550.822100709","226602.094063431","동물장묘업","","L00","0",
"47","동물장묘업","02_03_05_P","5540000","554000003820200001","2020-07-16","","01","영업/정상","0000","정상","","","","","","0","","경기도 광주시 곤지암읍 부항리 236","경기도 광주시 곤지암읍 신만로 305","12723","백꽃사랑하이빛","2020-07-16 17:49:16","U","2020-07-18 02:40:00","","234887.905085338","428049.941608134","동물장묘업","","000","",
"48","동물장묘업","02_03_05_P","4810000","481000003820210001","2021-07-21","","01","영업/정상","0000","정상","","","","","1566-7112","0","","전라남도 여수시 율촌면 취적리 964-3","전라남도 여수시 율촌면 조화길 31","59604","전남반려동물장례식장푸른솔","2023-08-14 17:34:50","U","2023-08-17 02:40:00","","253860.268623436","152032.185089794","동물장묘업","","L00","0",
"49","동물장묘업","02_03_05_P","4090000","409000003820080002","2013-07-12","","01","영업/정상","0000","정상","","","","","031-981-0271","0","","경기도 김포시 하성면 양택리 251-6","경기도 김포시 하성면 하성로 720","10008","엔젤스톤","2021-10-29 16:09:53","U","2021-10-31 02:40:00","","167305.185741877","470504.547442324","동물장묘업","","L00","0",
"50","동물장묘업","02_03_05_P","4090000","409000003820080003","2008-11-07","","01","영업/정상","0000","정상","","2023-12-18","2024-02-15","","","0","","경기도 김포시 통진읍 귀전리 167","경기도 김포시 통진읍 고정로 308","10010","펫포레스트 반려동물장례식장 김포점","2024-04-09 10:22:44","U","2024-04-11 02:40:00","","164767.226657825","469222.194781071","동물장묘업","","L00","0",
"51","동물장묘업","02_03_05_P","4641000","464100003820220001","2022-07-05","","01","영업/정상","0000","정상","","","","","063-229-4444","0","","전북특별자치도 전주시 완산구 효자동3가 1039-1","전북특별자치도 전주시 완산구 콩쥐팥쥐로 1705-44(효자동3가)","54878","전주 반려동물장례식장 아리움","2022-07-08 17:42:22","I","2024-01-19 01:16:45","","207690.318389058","258325.128709741","동물장묘업","","L00","0",
"52","동물장묘업","02_03_05_P","5530000","553000003820210001","2021-08-18","","01","영업/정상","0000","정상","","","","","031-353-5579","0","","경기도 화성시 정남면 문학리 663","경기도 화성시 정남면 서봉로851번길 83","18522","스토리펫","2021-08-18 09:50:58","U","2021-08-20 02:40:00","","195804.125151356","405618.764729081","동물장묘업","","000","0",
"53","동물장묘업","02_03_05_P","5420000","542000003820170001","2017-08-08","","01","영업/정상","0000","정상","","","","","","0","","경상남도 고성군 회화면 봉동리 608-1","경상남도 고성군 회화면 봉오로 145-21","52916","주식회사 하늘소풍","2021-09-28 09:58:41","U","2021-09-30 02:40:00","","327123.160784672","176499.23612006","동물장묘업","","L00","0",
"54","동물장묘업","02_03_05_P","5530000","553000003820190003","2019-09-03","","01","영업/정상","0000","정상","","","","","1588-1289","0","","경기도 화성시 비봉면 양노리 755-5","경기도 화성시 비봉면 양노남길 108","18284","펫오케스트라 반려동물장례식장","2024-12-17 15:29:11","U","2024-12-19 02:40:00","","188265.168564066","413055.594903512","동물장묘업","","000","0",
"55","동물장묘업","02_03_05_P","5530000","553000003820170001","2017-12-08","","01","영업/정상","0000","정상","","","","","","0","","경기도 화성시 서신면 사곶리 5-18","경기도 화성시 서신면 안벼슬길102번길 165","18556","포포즈 반려동물장례식장 화성2호점","2025-06-17 09:27:35","U","2025-06-19 02:40:00","","176967.596223325","405910.328952567","동물장묘업","","L00","0",
"56","동물장묘업","02_03_05_P","5530000","553000003820190001","2019-06-05","","01","영업/정상","0000","정상","","","","","","0","","경기도 화성시 팔탄면 창곡리 925-6","경기도 화성시 팔탄면 독곡길 24-42","18525","포포즈 반려동물장례식장 화성1호점","2025-07-23 09:28:33","U","2025-07-25 02:40:00","","190569.997285905","408137.559476533","동물장묘업","","L00","0",
"57","동물장묘업","02_03_05_P","4820000","482000003820240001","2024-01-07","","01","영업/정상","0000","정상","","","","","","0","","전라남도 순천시 별량면 대룡리 1189-1 펫하늘별","전라남도 순천시 별량면 송산길 259, 펫하늘별","58031","순천 반려동물장례식장 하늘별","2024-01-16 11:51:35","U","2024-01-18 02:40:00","","234371.005725037","154150.345620707","동물장묘업","","000","0",
"58","동물장묘업","02_03_05_P","4540000","454000003820180002","2020-07-24","","01","영업/정상","0000","정상","","","","","041-735-1700","0","","충청남도 논산시 연산면 청동리 16","충청남도 논산시 연산면 계백로 2172-13","32911","리멤버파크","2020-10-22 13:38:57","U","2020-10-24 02:40:00","","219146.014355361","301064.542051453","동물장묘업","","000","",
"59","동물장묘업","02_03_05_P","4430000","443000003820200001","2020-11-09","","01","영업/정상","0000","정상","","","","","","0","","충청북도 옥천군 이원면 평계리 992-2 음식점","충청북도 옥천군 이원면 이원로 47, 음식점","29064","대전 이별공간","2024-08-22 10:46:30","U","2024-08-24 02:40:00","","256461.768510781","298218.433673269","동물장묘업","","000","0",
"60","동물장묘업","02_03_05_P","4830000","483000003820250002","2025-06-30","","01","영업/정상","0000","정상","","","","","061-337-0991","0","","전라남도 나주시 다시면 신광리 911-4","전라남도 나주시 다시면 영산로 4952","58279","주식회사 퍼스트펫","2025-06-30 17:53:29","I","2025-07-02 00:20:02","","170568.536905393","169009.050731071","동물장묘업","","L00","0",
"61","동물장묘업","02_03_05_P","4820000","482000003820250001","2025-07-18","","01","영업/정상","0000","정상","","","","","","0","","전라남도 순천시 서면 동산리 543-7 동물화장시설","전라남도 순천시 서면 순천로 260-1, 동물화장시설","57906","1004반려동물장례식장","2025-07-24 16:58:50","U","2025-07-26 02:40:00","","","","동물장묘업","","000","0",
"62","동물장묘업","02_03_05_P","4800000","480000003820220001","2022-09-27","","01","영업/정상","0000","정상","","","","","061-273-4000","0","","전라남도 목포시 대양동 756-10","전라남도 목포시 고하대로 1140-17(대양동)","58603","해늘마루","2022-10-19 17:09:02","U","2022-10-21 02:40:00","","145297.226396078","149233.782029218","동물장묘업","","L00","0",
"63","동물장묘업","02_03_05_P","4960000","496000003820210001","2021-03-23","","01","영업/정상","0000","정상","","","","","","0","","전라남도 함평군 학교면 월산리 259","전라남도 함평군 학교면 학교월봉길 217","57158","타임투반려동물 장례식장","2022-11-22 16:02:14","U","2022-11-24 02:40:00","","158407.424331112","172396.924552729","동물장묘업","","L00","0",
"64","동물장묘업","02_03_05_P","3400000","340000003820210001","2021-02-24","","01","영업/정상","0000","정상","","","","","051-728-5411","0","","부산광역시 기장군 일광면 동백리 383-2","부산광역시 기장군 일광면 차양길 175","46040","센트럴파크(주)","2021-07-28 13:30:53","U","2021-07-30 02:40:00","","404470.016765598","201766.778640086","동물장묘업","","L00","0",
"65","동물장묘업","02_03_05_P","4721000","472100003820200001","2020-03-05","","01","영업/정상","0000","정상","","","","","063-242-2114","0","","전북특별자치도 완주군 이서면 은교리 508","전북특별자치도 완주군 이서면 팥죽이로 205-7","55367","해피펫","2023-07-19 11:24:13","I","2024-01-19 01:16:45","","201708.296680986","255736.035754546","동물장묘업","","000","0",
"66","동물장묘업","02_03_05_P","4721000","472100003820200002","2020-04-20","","01","영업/정상","0000","정상","","","","","","0","","전북특별자치도 완주군 소양면 신원리 1-3 현대오일뱅크","전북특별자치도 완주군 소양면 전진로 1630, 현대오일뱅크","55346","전주 하늘","2020-04-20 17:45:38","I","2024-01-19 01:16:45","","229122.306643175","261830.105439193","동물장묘업","","000","0",
"67","동물장묘업","02_03_05_P","5710000","571000003820150001","2015-07-01","","01","영업/정상","0000","정상","","","","","043-264-2666","0","","충청북도 청주시 서원구 남이면 구미리 233-1","충청북도 청주시 서원구 남이면 구미1길 37-47","28184","러블리엔젤","2024-06-19 09:44:23","U","2024-06-21 02:40:00","","234195.558123164","340702.899359058","동물장묘업","","000","0",
"68","동물장묘업","02_03_05_P","5710000","571000003820170001","2017-05-09","","01","영업/정상","0000","정상","","","","","043-283-2356","0","","충청북도 청주시 상당구 남일면 가중리 309-1","충청북도 청주시 상당구 남일면 신송서원길 120-30","28186","(주)우바스","2021-03-08 10:10:57","U","2021-03-10 02:40:00","","243066.718829526","340591.573881207","동물장묘업","","L00","",
"69","동물장묘업","02_03_05_P","5690000","569000003820170001","2017-04-07","","01","영업/정상","0000","정상","","","","","","0","","세종특별자치시 부강면 부강리 658-2","세종특별자치시 부강면 시목부강로 620","30074","포포즈 반려동물 장례식장 세종점","2024-02-02 11:42:09","U","2024-02-04 02:40:00","","233774.771556238","335509.98651911","동물장묘업","","L00","0",
"70","동물장묘업","02_03_05_P","5540000","554000003820150001","2015-10-30","","01","영업/정상","0000","정상","","","","","","0","","경기도 광주시 초월읍 신월리 592-19","경기도 광주시 초월읍 산수로 409-11","12729","포포즈 반려동물 장례식장 경기광주점","2024-02-08 09:51:08","U","2024-02-11 02:40:00","","227369.446579015","432832.038754988","동물장묘업","","000","0",
"71","동물장묘업","02_03_05_P","5540000","554000003820160001","2016-11-17","","01","영업/정상","0000","정상","","","","","","0","","경기도 광주시 문형동 749-5","경기도 광주시 문형동 오포안로 77","12774","펫포레스트 반려동물장례식장 경기광주점","2024-04-30 08:17:27","U","2024-05-02 02:40:00","","","","동물장묘업","","L00","0",
"72","동물장묘업","02_03_05_P","5540000","554000003820170001","2017-04-11","","01","영업/정상","0000","정상","","","","","","0","","경기도 광주시 초월읍 지월리 134","경기도 광주시 초월읍 지월로100번길 18","12728","(주)해피엔딩","2025-05-23 16:03:11","U","2025-05-25 02:40:00","","226536.0743667","434551.789342354","동물장묘업","","L00","0",
"73","동물장묘업","02_03_05_P","5540000","554000003820080001","2008-03-07","","01","영업/정상","0000","정상","","","","2020-11-13","02-401-3384","0","","경기도 광주시 매산동 139","경기도 광주시 매산동 매자리길 185","","21그램 반려동물장례식장","2022-09-28 17:04:16","U","2022-09-30 02:40:00","","","","동물장묘업","","L00","0",
"74","동물장묘업","02_03_05_P","5540000","554000003820140001","2014-07-14","","01","영업/정상","0000","정상","","","","","031-796-4341","0","","경기도 광주시 초월읍 지월리 712-10","경기도 광주시 초월읍 현산로361번길 12","12728","러브펫 반려동물장례식장","2024-04-05 13:59:19","U","2024-04-07 02:40:00","","225116.997657545","434999.834783652","동물장묘업","","000","0",
"75","동물장묘업","02_03_05_P","3940000","394000003820150001","2015-11-11","","01","영업/정상","0000","정상","","","","","031-976-3179","0","","경기도 고양시 일산동구 설문동 515-1","경기도 고양시 일산동구 은마길63번길 25-2 (설문동)","10252","(주)펫바라기","2024-10-22 14:58:38","U","2024-10-24 02:40:00","","182813.35315607","467934.777096784","동물장묘업","","L00","0",
"76","동물장묘업","02_03_05_P","4090000","409000003820170001","2017-05-02","","01","영업/정상","0000","정상","","","","","1588-2888","0","","경기도 김포시 월곶면 개곡리 810-1","경기도 김포시 월곶면 애기봉로 262","10003","포포즈 반려동물장례식장 김포점","2024-02-07 14:41:06","U","2024-02-11 02:40:00","","162519.985198036","469834.579843145","동물장묘업","","L00","0",
"77","동물장묘업","02_03_05_P","4090000","409000003820180001","2018-04-18","","01","영업/정상","0000","정상","","","","","","0","","경기도 김포시 통진읍 귀전리 3-15","경기도 김포시 통진읍 애기봉로681번길 73-20, 2동 1층","10010","(주)마스꼬따 휴","2024-07-01 16:44:38","U","2024-07-03 02:40:00","","165905.426246007","469457.2746339","동물장묘업","","L00","0",
"78","동물장묘업","02_03_05_P","4090000","409000003820180002","2018-07-13","","01","영업/정상","0000","정상","","","","","","0","","경기도 김포시 하성면 양택리 161-1번지","경기도 김포시 하성면 하성로 647","10008","아이드림펫","2019-04-04 16:49:55","U","2019-04-06 02:40:00","","167118.161456354","469872.354665502","동물장묘업","","000","",
"79","동물장묘업","02_03_05_P","4830000","483000003820250001","2025-03-25","","01","영업/정상","0000","정상","","","","","061-337-1230","0","","전라남도 나주시 다도면 신동리 76 , 467-46","전라남도 나주시 다도면 다도로 857","58319","주식회사 별다만","2025-04-10 16:54:56","U","2025-04-12 02:40:00","","184148.269461059","159940.466855588","동물장묘업","","L00","0",
"80","동물장묘업","02_03_05_P","5080000","508000003820220001","2022-07-22","","01","영업/정상","0000","정상","","","","","","0","","경상북도 구미시 옥성면 농소리 950-1","경상북도 구미시 옥성면 이곡3길 69","39102","(주)한별소울펫","2024-07-04 11:49:31","U","2024-07-06 02:40:00","","314325.377039905","313606.257863926","동물장묘업","","000","0",
"81","동물장묘업","02_03_05_P","5350000","535000003820180002","2018-12-19","","01","영업/정상","0000","정상","","","","","1811-8044","0","","경상남도 김해시 한림면 안하리 264-12","경상남도 김해시 한림면 안하로 102","50852","포포즈 반려동물장례식장 김해점","2025-07-29 09:49:08","U","2025-07-31 02:40:00","","365879.501806837","202565.538218243","동물장묘업","","L00","0",
"82","동물장묘업","02_03_05_P","3400000","340000003820200001","2020-11-26","","01","영업/정상","0000","정상","","","","","0517274499","0","","부산광역시 기장군 장안읍 기룡리 240","부산광역시 기장군 장안읍 기룡길 11-33","46028","아이별","2020-11-26 17:55:40","I","2020-11-28 00:23:08","","404848.176575987","208184.566213687","동물장묘업","","000","",
"83","동물장묘업","02_03_05_P","3560000","356000003820200002","2020-12-18","","01","영업/정상","0000","정상","","","","","0317135002","0","","인천광역시 서구 대곡동 361-2","인천광역시 서구 설원로 79 (대곡동)","22600","(주)더포에버","2024-06-21 10:58:54","U","2024-06-23 02:40:00","","171201.092159873","458213.284379539","동물장묘업","","L00","0",
"84","동물장묘업","02_03_05_P","5120000","512000003820220001","2022-06-14","","01","영업/정상","0000","정상","","","","","","0","","경상북도 문경시 문경읍 진안리 350-4","경상북도 문경시 문경읍 문경대로 2430","36919","(주)젠틀펫","2024-07-24 13:57:48","U","2024-07-26 02:40:00","","296570.138224363","360655.576332738","동물장묘업","","L00","0",
"85","동물장묘업","02_03_05_P","3930000","393000003820220001","2022-06-22","","01","영업/정상","0000","정상","","","","","","0","","경기도 안산시 단원구 목내동 517-9 동신엔지니어링","경기도 안산시 단원구 엠티브이1로 159, 동신엔지니어링 (목내동)","15658","주식회사 펫콤","2024-08-08 16:35:53","U","2024-08-10 02:40:00","","179836.956103302","421505.250232757","동물장묘업","","L00","0",
"86","동물장묘업","02_03_05_P","3630000","363000003820250001","2025-01-03","","01","영업/정상","0000","정상","","","","","0627142979","0","","광주광역시 광산구 양동 684-4","광주광역시 광산구 체암로 1685-2 (양동)","62407","(주)하늘정원","2025-01-03 15:14:49","I","2025-01-05 00:11:21","","168606.826221001","183510.103879243","동물장묘업","","L00","0",
"87","동물장묘업","02_03_05_P","3930000","393000003820240002","2024-12-23","","01","영업/정상","0000","정상","","","","","1670-2818","0","","경기도 안산시 단원구 원시동 770-3 신안산비즈스타복합지식산업센터","경기도 안산시 단원구 산단로 232, 신안산비즈스타복합지식산업센터 7층 710호 (원시동)","15433","펫브릿지","2025-01-15 17:37:29","U","2025-01-17 02:40:00","","181355.692340689","423815.131111617","동물장묘업","","L00","0",
"88","동물장묘업","02_03_05_P","3130000","313000003820240001","2024-12-09","","01","영업/정상","0000","정상","","","","","02-322-1004","0","","서울특별시 마포구 합정동 370-39","서울특별시 마포구 성지5길 19, 3층 (합정동)","04083","㈜펫문","2025-06-17 16:10:03","U","2025-06-19 02:40:00","","192328.293658557","449335.276023874","동물장묘업","","000","0",
"89","동물장묘업","02_03_05_P","4261000","426000003820200001","2020-07-07","","02","휴업","0001","휴업","","2024-10-31","2026-10-31","","1566-4379","0","","강원특별자치도 횡성군 공근면 초원리 109-16","강원특별자치도 횡성군 공근면 경강로초원6길 58","25209","펫 메모리얼","2024-10-31 09:44:34","U","2024-11-02 02:40:00","","281990.211140203","446825.205893553","동물장묘업","","L00","0",
"90","동물장묘업","02_03_05_P","4080000","408000003820240001","2024-12-10","","02","휴업","0001","휴업","","2025-07-10","2026-05-05","","","0","","경기도 안성시 죽산면 당목리 704-1","경기도 안성시 죽산면 걸미로 391","17524","안성펫문화원","2025-07-21 18:06:01","U","2025-07-23 02:40:00","","238025.140787483","392758.238219879","동물장묘업","","000","0",
"91","동물장묘업","02_03_05_P","4070000","407000003820130001","2013-02-22","","03","폐업","0002","폐업","2017-01-09","","","","031-637-8582","0","","경기도 이천시 마장면 장암리 525-1번지","경기도 이천시 마장면 이장로 329-2","17383","엘림펫","2017-01-10 16:50:16","I","2018-08-31 23:59:59","","234562.792371488","419797.301835013","동물장묘업","","000","",
"92","동물장묘업","02_03_05_P","3340000","334000003820160001","2014-10-30","","03","폐업","0002","폐업","2017-07-19","","","","","0","","부산광역시 사하구 괴정동 1063-57번지","부산광역시 사하구 승학로233번길 87 (괴정동)","49321","(주)피케이프","2017-07-19 10:40:52","I","2018-08-31 23:59:59","","381332.392893298","180325.868785672","동물장묘업","","L00","",
"93","동물장묘업","02_03_05_P","4060000","406000003820190001","2019-04-01","","04","취소/말소/만료/정지/중지","0004","말소","","","","","1899-7822","0","","경기도 파주시 광탄면 기산리 521 오류골","경기도 파주시 광탄면 기산로186번길 9-46, 오류골","10953","꿈애","2020-08-06 18:01:06","U","2020-08-08 02:40:00","","192765.22781053","474554.617017937","동물장묘업","","000","",
"94","동물장묘업","02_03_05_P","4850000","485000003820190001","2019-08-16","","04","취소/말소/만료/정지/중지","0004","말소","","","","","","0","","전라남도 담양군 봉산면 기곡리 274-1","전라남도 담양군 봉산면 죽향대로 729-1","57371","우양펫타운","2020-12-16 17:37:35","U","2020-12-18 02:40:00","","197426.180152345","197183.135950689","동물장묘업","","000","",
"95","동물장묘업","02_03_05_P","5080000","508000003820180001","2022-07-22","","04","취소/말소/만료/정지/중지","0004","말소","","","","","1588-9749","0","","경상북도 구미시 옥성면 농소리 산 75-3","경상북도 구미시 옥성면 이곡3길 69","39102","(주)더소울펫","2022-07-22 14:18:56","U","2022-07-24 02:40:00","","314321.882034812","313583.261661319","동물장묘업","","L00","0",
"96","동물장묘업","02_03_05_P","3980000","398000003820160001","2016-12-13","","04","취소/말소/만료/정지/중지","0004","말소","","","","","","0","","경기도 구리시 토평동 711-1번지","경기도 구리시 장자호수길 76-141 (토평동)","11961","구리 에이지펫","2016-12-16 10:57:49","I","2018-08-31 23:59:59","","212560.19086135","453223.79773689","동물장묘업","","L00","",
"97","동물장묘업","02_03_05_P","5530000","553000003820190002","2019-06-25","","04","취소/말소/만료/정지/중지","0004","말소","","","","","","0","","경기도 화성시 서신면 사곳리 5-18","경기도 화성시 서신면 안벼슬길102번길 165","18556","(주)우리반려동물문화원","2024-01-31 19:00:44","U","2024-02-02 02:40:00","","176967.596223325","405910.328952567","동물장묘업","","L00","0",
"98","동물장묘업","02_03_05_P","4090000","409000003820170002","2017-12-20","","04","취소/말소/만료/정지/중지","0004","말소","","","","","","0","","경기도 김포시 통진읍 귀전리 3-15번지","경기도 김포시 통진읍 애기봉로681번길 73-20","10010","마스꼬다 휴 주식회사","2019-08-07 17:02:31","U","2019-08-09 02:40:00","","165905.426246007","469457.2746339","동물장묘업","","L00","",
